{
    "Signal": {
        "yield": 24.33636951461169,
        "mass": {
            "Gaussian+CrystalBall": {
                "muCB": 5.279404803258243,
                "alphaCB": 2.0954999923706055,
                "sigmaCB": 0.027985238945700864,
                "nCB": 1.0056999921798706,
                "muGauss": 5.279404803258243,
                "sigmaGauss": 0.05837894727344693,
                "fracCB": 0.7096185775794335
            }
        },
        "angle": {
            "FH": 0.2765126997095648,
            "FH_error": 0.8161367650053272,
            "BernEffyCoefs": [
                0.188847683297248,
                0.25417827330926734,
                0.004905812866385362
            ]
        }
    },
    "Background": {
        "yield": 77.6647091106177,
        "mass": {
            "Exponential+Gauss": {
                "mu": 5.062779852331996,
                "sigma": 0.09999988418315711,
                "lambda_": -5.853788564991191e-10,
                "fraction_exp": 0.34615670256944153
            }
        },
        "angle": {
            "2SideBands": {
                "left_sb": [
                    0.13689465666666178,
                    0.03936712887862459
                ],
                "right_sb": [
                    0.12484609057406282,
                    1.87393545125758e-09
                ],
                "fraction": 0.34615670256944153
            }
        }
    },
    "limits": [
        5.0,
        6.0
    ]
}