{
    "Signal": {
        "yield": 18.71821734291912,
        "mass": {
            "Gaussian+CrystalBall": {
                "muCB": 5.279403611507662,
                "alphaCB": 2.0954999923706055,
                "sigmaCB": 0.027996157526041322,
                "nCB": 1.0056999921798706,
                "muGauss": 5.279403611507662,
                "sigmaGauss": 0.05833735169052698,
                "fracCB": 0.7101705635902211
            }
        },
        "angle": {
            "FH": 2.775557561562894e-17,
            "FH_error": 1.2020127726259295,
            "BernEffyCoefs": [
                0.19083798677128616,
                0.11830779903806155,
                1.2359668843942018e-10
            ]
        }
    },
    "Background": {
        "yield": 37.281611367312685,
        "mass": {
            "Exponential+Gauss": {
                "mu": 5.000025200269128,
                "sigma": 0.06651999433370381,
                "lambda_": -0.9005020340308647,
                "fraction_exp": 0.16633291710089998
            }
        },
        "angle": {
            "2SideBands": {
                "left_sb": [
                    0.16170442673322627,
                    0.1448847470461656,
                    0.23071225483727864,
                    1.1311019482151963e-06
                ],
                "right_sb": [
                    0.052206326276350024,
                    0.38601464591007273,
                    0.03777512975307762
                ],
                "fraction": 0.16633291710089998
            }
        }
    },
    "limits": [
        5.0,
        6.0
    ]
}