{
    "Signal": {
        "yield": 77.45917143118348,
        "mass": {
            "Gaussian+CrystalBall": {
                "muCB": 5.280056943132565,
                "alphaCB": 2.0955,
                "sigmaCB": 0.0289588230780746,
                "nCB": 1.0057,
                "muGauss": 5.280056943132565,
                "sigmaGauss": 0.05681396471458003,
                "fracCB": 0.5268185696388892
            }
        },
        "angle": {
            "FH": 0.7120267533510575,
            "FH_error": 0.25291114751228166,
            "BernEffyCoefs": [
                1.109492403450485e-05,
                1.1580158479906899e-05,
                7.247398027265817e-06
            ]
        }
    },
    "Background": {
        "yield": 88.54565766194071,
        "mass": {
            "Exponential+Gauss": {
                "mu": 5.000007449708944,
                "sigma": 0.10129816906818719,
                "lambda_": -0.14764680233832372,
                "fraction_exp": 0.6271658439105232
            }
        },
        "angle": {
            "2SideBands": {
                "left_sb": [
                    2.9539394574840117e-05,
                    4.036299792453679e-05,
                    5.955245792055308e-06
                ],
                "right_sb": [
                    0.6315184320132261
                ],
                "fraction": 0.6271658439105232
            }
        }
    },
    "limits": [
        5.0,
        6.0
    ]
}