{
    "Signal": {
        "yield": 42.24689363361886,
        "mass": {
            "Gaussian+CrystalBall": {
                "muCB": 5.279587890041441,
                "alphaCB": 2.0955,
                "sigmaCB": 0.02589674211792021,
                "nCB": 1.0057,
                "muGauss": 5.279587890041441,
                "sigmaGauss": 0.05693621666782617,
                "fracCB": 0.5501774075698624
            }
        },
        "angle": {
            "FH": 0.0,
            "FH_error": 0.6251502637271656,
            "BernEffyCoefs": [
                1.319796146537211e-05,
                1.5162628486664609e-05,
                3.370328577334547e-06
            ]
        }
    },
    "Background": {
        "yield": 68.73371579642462,
        "mass": {
            "Exponential+Gauss": {
                "mu": 5.1097371188924265,
                "sigma": 0.08002531805694553,
                "lambda_": -1.162858936617523,
                "fraction_exp": 0.20177519298480673
            }
        },
        "angle": {
            "2SideBands": {
                "left_sb": [
                    5.319809699422251e-06,
                    2.876001103935266e-09,
                    1.0468674663255406e-05
                ],
                "right_sb": [
                    0.6315184320132261
                ],
                "fraction": 0.20177519298480673
            }
        }
    },
    "limits": [
        5.0,
        6.0
    ]
}