{
    "Signal": {
        "yield": 38.76917006924863,
        "mass": {
            "Gaussian+CrystalBall": {
                "muCB": 5.280144498611227,
                "alphaCB": 2.0955,
                "sigmaCB": 0.028998206786218724,
                "nCB": 1.0057,
                "muGauss": 5.280144498611227,
                "sigmaGauss": 0.05707973097079697,
                "fracCB": 0.5170910543970503
            }
        },
        "angle": {
            "FH": 0.22064911195631634,
            "FH_error": 0.3000826639009246,
            "BernEffyCoefs": [
                1.109492403450485e-05,
                1.1580158479906899e-05,
                7.247398027265817e-06
            ]
        }
    },
    "Background": {
        "yield": 75.25003293436814,
        "mass": {
            "Exponential+Gauss": {
                "mu": 5.030856946378831,
                "sigma": 0.08000572214835927,
                "lambda_": -1.230605968693471,
                "fraction_exp": 0.5173133346966388
            }
        },
        "angle": {
            "2SideBands": {
                "left_sb": [
                    2.2878980043827823e-05,
                    5.057065877167588e-13,
                    0.00010926993402382568,
                    1.199040866595169e-13
                ],
                "right_sb": [
                    0.6315184320132261
                ],
                "fraction": 0.5173133346966388
            }
        }
    },
    "limits": [
        5.0,
        6.0
    ]
}