{
    "Signal": {
        "yield": 30.895222401554562,
        "mass": {
            "Gaussian+CrystalBall": {
                "muCB": 5.279402004163638,
                "alphaCB": 2.0954999923706055,
                "sigmaCB": 0.02801655312828595,
                "nCB": 1.0056999921798706,
                "muGauss": 5.279402004163638,
                "sigmaGauss": 0.04999999998502602,
                "fracCB": 0.7075344513419092
            }
        },
        "angle": {
            "FH": 0.00792106996134876,
            "FH_error": 0.46915935344972415,
            "BernEffyCoefs": [
                0.19311583532857002,
                4.67372270523958e-05,
                0.3215678315995435,
                0.08891288405368625,
                0.1690471733951432,
                0.033402099251572115
            ]
        }
    },
    "Background": {
        "yield": 74.10574637916795,
        "mass": {
            "Exponential+Gauss": {
                "mu": 5.000056057810985,
                "sigma": 0.06635968496910882,
                "lambda_": -4.61779090343839e-06,
                "fraction_exp": 0.31978294583363187
            }
        },
        "angle": {
            "2SideBands": {
                "left_sb": [
                    0.1000000014901159
                ],
                "right_sb": [
                    0.14804149181572301,
                    0.42445809377440746,
                    2.390200666280151e-06
                ],
                "fraction": 0.31978294583363187
            }
        }
    },
    "limits": [
        5.0,
        6.0
    ]
}