{
    "Signal": {
        "yield": 31.722322307514442,
        "mass": {
            "Gaussian+CrystalBall": {
                "muCB": 5.27940098581075,
                "alphaCB": 2.0954999923706055,
                "sigmaCB": 0.02801249195936733,
                "nCB": 1.0056999921798706,
                "muGauss": 5.27940098581075,
                "sigmaGauss": 0.05837218721996186,
                "fracCB": 0.7069754661466203
            }
        },
        "angle": {
            "FH": 0.004392598508308208,
            "FH_error": 0.49267814327050724,
            "BernEffyCoefs": [
                0.19653827822503578,
                3.7467299440763213e-06,
                0.3971907894059806,
                0.0014791370610656163,
                0.08275625611693704
            ]
        }
    },
    "Background": {
        "yield": 73.2773156590112,
        "mass": {
            "Exponential+Gauss": {
                "mu": 5.02891129512637,
                "sigma": 0.050000510547988194,
                "lambda_": -2.8019377360521958e-06,
                "fraction_exp": 0.3206687996362383
            }
        },
        "angle": {
            "2SideBands": {
                "left_sb": [
                    0.1000000014901159
                ],
                "right_sb": [
                    0.14804149181572301,
                    0.42445809377440746,
                    2.390200666280151e-06
                ],
                "fraction": 0.3206687996362383
            }
        }
    },
    "limits": [
        5.0,
        6.0
    ]
}