{
    "Signal": {
        "yield": 18.280732458543827,
        "mass": {
            "Gaussian+CrystalBall": {
                "muCB": 5.279403316932754,
                "alphaCB": 2.0954999923706055,
                "sigmaCB": 0.027999500527736212,
                "nCB": 1.0056999921798706,
                "muGauss": 5.279403316932754,
                "sigmaGauss": 0.05000000073876358,
                "fracCB": 0.7101670578041557
            }
        },
        "angle": {
            "FH": -1.3877787807814444e-17,
            "FH_error": 1.265732882003784,
            "BernEffyCoefs": [
                0.2745862093770962,
                0.09521527770339877,
                0.321357969572702,
                1.4009695631367336e-06,
                1.886077627410998e-08
            ]
        }
    },
    "Background": {
        "yield": 37.719113558885965,
        "mass": {
            "Exponential+Gauss": {
                "mu": 5.000010372440783,
                "sigma": 0.06446603391235946,
                "lambda_": -1.0139792100655747,
                "fraction_exp": 0.14937193502492824
            }
        },
        "angle": {
            "2SideBands": {
                "left_sb": [
                    0.16170442673322627,
                    0.1448847470461656,
                    0.23071225483727864,
                    1.1311019482151963e-06
                ],
                "right_sb": [
                    0.052206326276350024,
                    0.38601464591007273,
                    0.03777512975307762
                ],
                "fraction": 0.14937193502492824
            }
        }
    },
    "limits": [
        5.0,
        6.0
    ]
}