{
    "Signal": {
        "yield": 74.99829009226104,
        "mass": {
            "Gaussian+CrystalBall": {
                "muCB": 5.279362336558115,
                "alphaCB": 2.0954999923706055,
                "sigmaCB": 0.028130188382281308,
                "nCB": 1.0056999921798706,
                "muGauss": 5.279362336558115,
                "sigmaGauss": 0.058365420281306646,
                "fracCB": 0.7065672701957215
            }
        },
        "angle": {
            "FH": 0.1307228246635683,
            "FH_error": 0.15241350985369015,
            "BernEffyCoefs": [
                0.07861217669118348,
                0.1158230048669695
            ]
        }
    },
    "Background": {
        "yield": 91.00247386872036,
        "mass": {
            "Exponential+Gauss": {
                "mu": 5.000000000465958,
                "sigma": 0.09999958411215856,
                "lambda_": -2.487986293431277e-06,
                "fraction_exp": 0.6003695651943101
            }
        },
        "angle": {
            "2SideBands": {
                "left_sb": [
                    0.08029579141610232,
                    0.255778750965015,
                    0.11120381754949837,
                    0.08075488612201476
                ],
                "right_sb": [
                    0.06738499175568236,
                    0.12140394836344381
                ],
                "fraction": 0.6003695651943101
            }
        }
    },
    "limits": [
        5.0,
        6.0
    ]
}