{
    "Signal": {
        "yield": 73.41117149515635,
        "mass": {
            "Gaussian+CrystalBall": {
                "muCB": 5.279361118065488,
                "alphaCB": 2.0954999923706055,
                "sigmaCB": 0.028134952500635906,
                "nCB": 1.0056999921798706,
                "muGauss": 5.279361118065488,
                "sigmaGauss": 0.05000000041078704,
                "fracCB": 0.706225995871193
            }
        },
        "angle": {
            "FH": 0.1950883983045839,
            "FH_error": 0.19028542679183483,
            "BernEffyCoefs": [
                0.1000000014901159
            ]
        }
    },
    "Background": {
        "yield": 92.58877149799042,
        "mass": {
            "Exponential+Gauss": {
                "mu": 5.000001290770761,
                "sigma": 0.09999999537606835,
                "lambda_": -0.006899112450563294,
                "fraction_exp": 0.5932970680937676
            }
        },
        "angle": {
            "2SideBands": {
                "left_sb": [
                    0.08029579141610232,
                    0.255778750965015,
                    0.11120381754949837,
                    0.08075488612201476
                ],
                "right_sb": [
                    0.06738499175568236,
                    0.12140394836344381
                ],
                "fraction": 0.5932970680937676
            }
        }
    },
    "limits": [
        5.0,
        6.0
    ]
}