{
    "Signal": {
        "yield": 38.96599482593715,
        "mass": {
            "Gaussian+CrystalBall": {
                "muCB": 5.279828554872475,
                "alphaCB": 2.0955,
                "sigmaCB": 0.030330444941120804,
                "nCB": 1.0057,
                "muGauss": 5.279828554872475,
                "sigmaGauss": 0.053472697806387276,
                "fracCB": 0.45116207278407455
            }
        },
        "angle": {
            "FH": 1.7287767661770095,
            "FH_error": 0.4330607615020791,
            "BernEffyCoefs": [
                1.8636943149297203e-05,
                1.5876378937629276e-05,
                6.963405158044722e-07
            ]
        }
    },
    "Background": {
        "yield": 51.02892785967366,
        "mass": {
            "Exponential+Gauss": {
                "mu": 5.000000000041093,
                "sigma": 0.08000000006837783,
                "lambda_": -1.9571130138729131e-07,
                "fraction_exp": 0.3622036059793633
            }
        },
        "angle": {
            "2SideBands": {
                "left_sb": [
                    0.6315184320132261
                ],
                "right_sb": [
                    0.6315184320132261
                ],
                "fraction": 0.3622036059793633
            }
        }
    },
    "limits": [
        5.0,
        6.0
    ]
}