{
    "Signal": {
        "yield": 23.3012363375189,
        "mass": {
            "Gaussian+CrystalBall": {
                "muCB": 5.279404690592525,
                "alphaCB": 2.0954999923706055,
                "sigmaCB": 0.0279823158029825,
                "nCB": 1.0056999921798706,
                "muGauss": 5.279404690592525,
                "sigmaGauss": 0.049999999731055955,
                "fracCB": 0.7097594225877623
            }
        },
        "angle": {
            "FH": 0.15156355151270404,
            "FH_error": 0.69008328895018,
            "BernEffyCoefs": [
                0.18174845853292765,
                0.2109394237976958,
                0.00012315229950710105,
                0.2463615461896851,
                0.09005513725934611,
                0.019600699595324622
            ]
        }
    },
    "Background": {
        "yield": 78.69942080359016,
        "mass": {
            "Exponential+Gauss": {
                "mu": 5.067443243417638,
                "sigma": 0.09999999481093094,
                "lambda_": -5.2392136851153737e-08,
                "fraction_exp": 0.34851716789895204
            }
        },
        "angle": {
            "2SideBands": {
                "left_sb": [
                    0.13689465666666178,
                    0.03936712887862459
                ],
                "right_sb": [
                    0.12484609057406282,
                    1.87393545125758e-09
                ],
                "fraction": 0.34851716789895204
            }
        }
    },
    "limits": [
        5.0,
        6.0
    ]
}