{
    "Signal": {
        "yield": 24.432991583775724,
        "mass": {
            "Gaussian+CrystalBall": {
                "muCB": 5.279404803258243,
                "alphaCB": 2.0954999923706055,
                "sigmaCB": 0.027985238945700864,
                "nCB": 1.0056999921798706,
                "muGauss": 5.279404803258243,
                "sigmaGauss": 0.05837894727344693,
                "fracCB": 0.7096185775794335
            }
        },
        "angle": {
            "FH": 0.23704913237429007,
            "FH_error": 0.7564232782029762,
            "BernEffyCoefs": [
                0.17153703505277063,
                0.08659178432288972,
                0.16689912729225487,
                8.818185318615335e-06
            ]
        }
    },
    "Background": {
        "yield": 77.56768699532331,
        "mass": {
            "Exponential+Gauss": {
                "mu": 5.062779852331996,
                "sigma": 0.09999988418315711,
                "lambda_": -5.853788564991191e-10,
                "fraction_exp": 0.34615670256944153
            }
        },
        "angle": {
            "2SideBands": {
                "left_sb": [
                    0.13689465666666178,
                    0.03936712887862459
                ],
                "right_sb": [
                    0.12484609057406282,
                    1.87393545125758e-09
                ],
                "fraction": 0.34615670256944153
            }
        }
    },
    "limits": [
        5.0,
        6.0
    ]
}