idx,fh,1-cl,elapsed_time
0,0.1,0.14,69.06209
1,0.2,0.14,70.74799
2,0.3,0.26,70.67775
3,0.4,0.44,70.20047
4,0.5,0.44,69.99163
5,0.6,0.48,71.89042
6,0.7,0.68,70.16128
7,0.8,0.8,72.2655
8,0.9,0.9,71.97675
9,1.0,0.92,72.93557
