{
    "Signal": {
        "yield": 103.21160545661837,
        "mass": {
            "Gaussian+CrystalBall": {
                "muCB": 5.27941715686231,
                "alphaCB": 2.0954999923706055,
                "sigmaCB": 0.02807581626227045,
                "nCB": 1.0056999921798706,
                "muGauss": 5.27941715686231,
                "sigmaGauss": 0.0500000006875385,
                "fracCB": 0.708816258778477
            }
        },
        "angle": {
            "FH": 2.9420910152566143e-15,
            "FH_error": 0.17528327222532605,
            "BernEffyCoefs": [
                0.08375347567120217,
                0.11290615299287599
            ]
        }
    },
    "Background": {
        "yield": 173.79021431029568,
        "mass": {
            "Exponential+Gauss": {
                "mu": 5.034559207778491,
                "sigma": 0.056041520312890294,
                "lambda_": -1.833999455604733,
                "fraction_exp": 0.1968086311433601
            }
        },
        "angle": {
            "2SideBands": {
                "left_sb": [
                    0.1000000014901159
                ],
                "right_sb": [
                    0.1000000014901159
                ],
                "fraction": 0.1968086311433601
            }
        }
    },
    "limits": [
        5.0,
        6.0
    ]
}