{
    "Signal": {
        "yield": 106.88670347319359,
        "mass": {
            "Gaussian+CrystalBall": {
                "muCB": 5.279415960421657,
                "alphaCB": 2.0954999923706055,
                "sigmaCB": 0.028076872196252746,
                "nCB": 1.0056999921798706,
                "muGauss": 5.279415960421657,
                "sigmaGauss": 0.05828880857512486,
                "fracCB": 0.7091749536100886
            }
        },
        "angle": {
            "FH": -2.6645352591008518e-15,
            "FH_error": 0.16811962846227804,
            "BernEffyCoefs": [
                0.0804826141514392,
                0.11482159317461493
            ]
        }
    },
    "Background": {
        "yield": 170.1168268445759,
        "mass": {
            "Exponential+Gauss": {
                "mu": 5.0337879387856646,
                "sigma": 0.05789000740214151,
                "lambda_": -1.7018949022628398,
                "fraction_exp": 0.22073480635284426
            }
        },
        "angle": {
            "2SideBands": {
                "left_sb": [
                    0.1000000014901159
                ],
                "right_sb": [
                    0.1000000014901159
                ],
                "fraction": 0.22073480635284426
            }
        }
    },
    "limits": [
        5.0,
        6.0
    ]
}