{
    "Signal": {
        "yield": 32.306309104327696,
        "mass": {
            "Gaussian+CrystalBall": {
                "muCB": 5.2794307333044515,
                "alphaCB": 2.0954999923706055,
                "sigmaCB": 0.028112481944937855,
                "nCB": 1.0056999921798706,
                "muGauss": 5.2794307333044515,
                "sigmaGauss": 0.05843978568840136,
                "fracCB": 0.7064036250526955
            }
        },
        "angle": {
            "FH": 0.08139074425075403,
            "FH_error": 0.281833311316665,
            "BernEffyCoefs": [
                0.11187529969334253,
                0.06289569569796649,
                0.11957868808762706,
                0.09469862280079011
            ]
        }
    },
    "Background": {
        "yield": 51.695745691465625,
        "mass": {
            "Exponential+Gauss": {
                "mu": 5.150000062489557,
                "sigma": 0.0999998178285344,
                "lambda_": -2.5242929632247613,
                "fraction_exp": 0.0033260789978319383
            }
        },
        "angle": {
            "2SideBands": {
                "left_sb": [
                    0.037329551257690996,
                    0.1393185984916684
                ],
                "right_sb": [
                    0.06818961639339982,
                    0.2173608709562197,
                    0.09318033558050609
                ],
                "fraction": 0.0033260789978319383
            }
        }
    },
    "limits": [
        5.0,
        6.0
    ]
}