{
    "Signal": {
        "yield": 32.042306064686315,
        "mass": {
            "Gaussian+CrystalBall": {
                "muCB": 5.27940098581075,
                "alphaCB": 2.0954999923706055,
                "sigmaCB": 0.02801249195936733,
                "nCB": 1.0056999921798706,
                "muGauss": 5.27940098581075,
                "sigmaGauss": 0.05837218721996186,
                "fracCB": 0.7069754661466203
            }
        },
        "angle": {
            "FH": 0.06637189635489232,
            "FH_error": 0.4809550701982462,
            "BernEffyCoefs": [
                0.14695508064445972,
                0.07993685952986329,
                0.17861415647656864,
                0.03141319694153044
            ]
        }
    },
    "Background": {
        "yield": 72.9582201513313,
        "mass": {
            "Exponential+Gauss": {
                "mu": 5.02891129512637,
                "sigma": 0.050000510547988194,
                "lambda_": -2.8019377360521958e-06,
                "fraction_exp": 0.3206687996362383
            }
        },
        "angle": {
            "2SideBands": {
                "left_sb": [
                    0.1000000014901159
                ],
                "right_sb": [
                    0.14804149181572301,
                    0.42445809377440746,
                    2.390200666280151e-06
                ],
                "fraction": 0.3206687996362383
            }
        }
    },
    "limits": [
        5.0,
        6.0
    ]
}