{
    "Signal": {
        "yield": 30.783186784548292,
        "mass": {
            "Gaussian+CrystalBall": {
                "muCB": 5.280172982136748,
                "alphaCB": 2.0955,
                "sigmaCB": 0.029746980356968704,
                "nCB": 1.0057,
                "muGauss": 5.280172982136748,
                "sigmaGauss": 0.05724576232173207,
                "fracCB": 0.49142216192500876
            }
        },
        "angle": {
            "FH": 0.24252503334472691,
            "FH_error": 0.5573952990722689,
            "BernEffyCoefs": [
                1.109492403450485e-05,
                1.1580158479906899e-05,
                7.247398027265817e-06
            ]
        }
    },
    "Background": {
        "yield": 58.178984736192,
        "mass": {
            "Exponential+Gauss": {
                "mu": 5.000000000158285,
                "sigma": 0.0800000358860456,
                "lambda_": -1.5743728419774232,
                "fraction_exp": 0.3397558420801389
            }
        },
        "angle": {
            "2SideBands": {
                "left_sb": [
                    3.275636415445149e-06,
                    8.508316273747596e-10,
                    4.4456491110622665e-06,
                    4.826931386814337e-06,
                    1.7180146194561985e-10,
                    2.4513620463517682e-05
                ],
                "right_sb": [
                    2.9109896795831425e-05,
                    3.552713678800501e-14,
                    1.4337843384781834e-05,
                    2.4337778563032764e-05,
                    1.8321011374666796e-10,
                    1.2653939861495545e-05
                ],
                "fraction": 0.3397558420801389
            }
        }
    },
    "limits": [
        5.0,
        6.0
    ]
}