{
    "Signal": {
        "yield": 32.41336760609035,
        "mass": {
            "Gaussian+CrystalBall": {
                "muCB": 5.2794307333044515,
                "alphaCB": 2.0954999923706055,
                "sigmaCB": 0.028112481944937855,
                "nCB": 1.0056999921798706,
                "muGauss": 5.2794307333044515,
                "sigmaGauss": 0.05843978568840136,
                "fracCB": 0.7064036250526955
            }
        },
        "angle": {
            "FH": 0.0591784426587544,
            "FH_error": 0.2691784896475207,
            "BernEffyCoefs": [
                0.0915032186881215,
                0.10232078488829566,
                0.13051194575749547,
                0.0993637451170748
            ]
        }
    },
    "Background": {
        "yield": 51.58869405818822,
        "mass": {
            "Exponential+Gauss": {
                "mu": 5.150000062489557,
                "sigma": 0.0999998178285344,
                "lambda_": -2.5242929632247613,
                "fraction_exp": 0.0033260789978319383
            }
        },
        "angle": {
            "2SideBands": {
                "left_sb": [
                    0.037329551257690996,
                    0.1393185984916684
                ],
                "right_sb": [
                    0.06818961639339982,
                    0.2173608709562197,
                    0.09318033558050609
                ],
                "fraction": 0.0033260789978319383
            }
        }
    },
    "limits": [
        5.0,
        6.0
    ]
}