{
    "Signal": {
        "yield": 31.32360331232085,
        "mass": {
            "Gaussian+CrystalBall": {
                "muCB": 5.279430495431291,
                "alphaCB": 2.0954999923706055,
                "sigmaCB": 0.02810930826486831,
                "nCB": 1.0056999921798706,
                "muGauss": 5.279430495431291,
                "sigmaGauss": 0.05000000074505752,
                "fracCB": 0.7072735913998376
            }
        },
        "angle": {
            "FH": 0.04282052956364592,
            "FH_error": 0.2253943301571892,
            "BernEffyCoefs": [
                0.08461895505659123,
                0.11236722107078434
            ]
        }
    },
    "Background": {
        "yield": 52.67798847772392,
        "mass": {
            "Exponential+Gauss": {
                "mu": 5.149999333871927,
                "sigma": 0.09999754425916695,
                "lambda_": -2.5112020122819008,
                "fraction_exp": 0.014273570864579754
            }
        },
        "angle": {
            "2SideBands": {
                "left_sb": [
                    0.037329551257690996,
                    0.1393185984916684
                ],
                "right_sb": [
                    0.06818961639339982,
                    0.2173608709562197,
                    0.09318033558050609
                ],
                "fraction": 0.014273570864579754
            }
        }
    },
    "limits": [
        5.0,
        6.0
    ]
}