{
    "Signal": {
        "yield": 17.171936723439735,
        "mass": {
            "Gaussian+CrystalBall": {
                "muCB": 5.2806949264074845,
                "alphaCB": 2.0955,
                "sigmaCB": 0.023105884692260277,
                "nCB": 1.0057,
                "muGauss": 5.2806949264074845,
                "sigmaGauss": 0.05080170316900482,
                "fracCB": 0.5143997977719448
            }
        },
        "angle": {
            "FH": 0.6772712387546012,
            "FH_error": 1.2046101520095682,
            "BernEffyCoefs": [
                1.8994675659578242e-05,
                9.267003767132742e-06,
                1.1102230246251565e-15
            ]
        }
    },
    "Background": {
        "yield": 19.86527171635931,
        "mass": {
            "Exponential+Gauss": {
                "mu": 5.033172409006163,
                "sigma": 0.08000000015736705,
                "lambda_": -0.0034525273403644974,
                "fraction_exp": 0.34885749846200176
            }
        },
        "angle": {
            "2SideBands": {
                "left_sb": [
                    2.0474288930927287e-10,
                    1.3235046715798227e-05,
                    1.0331967180698953e-05,
                    1.0810914487513479e-05
                ],
                "right_sb": [
                    1.4006945401323634e-05,
                    0.5488754169874177,
                    8.990310473855345e-07,
                    1.6437895676294594,
                    1.0190246299557337e-05
                ],
                "fraction": 0.34885749846200176
            }
        }
    },
    "limits": [
        5.0,
        6.0
    ]
}