{
    "Signal": {
        "yield": 83.34718202231068,
        "mass": {
            "Gaussian+CrystalBall": {
                "muCB": 5.280213037083609,
                "alphaCB": 2.0955,
                "sigmaCB": 0.028630735836043343,
                "nCB": 1.0057,
                "muGauss": 5.280213037083609,
                "sigmaGauss": 0.05654225276121479,
                "fracCB": 0.5433234912971923
            }
        },
        "angle": {
            "FH": 0.0,
            "FH_error": 0.3140966061128778,
            "BernEffyCoefs": [
                1.109492403450485e-05,
                1.1580158479906899e-05,
                7.247398027265817e-06
            ]
        }
    },
    "Background": {
        "yield": 201.61483092750234,
        "mass": {
            "Exponential+Gauss": {
                "mu": 5.149999999994031,
                "sigma": 0.29999999999947063,
                "lambda_": -3.13601292524051,
                "fraction_exp": 1.6410874981165335e-07
            }
        },
        "angle": {
            "2SideBands": {
                "left_sb": [
                    1.4466548393654577e-05,
                    8.564407338318425e-06
                ],
                "right_sb": [
                    0.6315184320132261
                ],
                "fraction": 1.6410874981165335e-07
            }
        }
    },
    "limits": [
        5.0,
        6.0
    ]
}