{
    "Signal": {
        "yield": 24.708190354852185,
        "mass": {
            "Gaussian+CrystalBall": {
                "muCB": 5.279407055213855,
                "alphaCB": 2.0954999923706055,
                "sigmaCB": 0.028001071960814902,
                "nCB": 1.0056999921798706,
                "muGauss": 5.279407055213855,
                "sigmaGauss": 0.058255030613304254,
                "fracCB": 0.7112827952631161
            }
        },
        "angle": {
            "FH": 0.5823594713016894,
            "FH_error": 1.6818659257158795,
            "BernEffyCoefs": [
                0.2620764536640269,
                0.01835298251785966,
                1.4742923548638487e-09
            ]
        }
    },
    "Background": {
        "yield": 33.293364970499375,
        "mass": {
            "Exponential+Gauss": {
                "mu": 5.14643632682416,
                "sigma": 0.09870922819545949,
                "lambda_": -2.7676716371161092e-05,
                "fraction_exp": 1.768599092888401e-05
            }
        },
        "angle": {
            "2SideBands": {
                "left_sb": [
                    0.1811188542712383,
                    0.01911450274579396,
                    2.1212764045319688e-07
                ],
                "right_sb": [
                    3.9968028886505635e-14,
                    1.736774502383509,
                    4.2743586448068527e-14,
                    5.551115123125783e-15
                ],
                "fraction": 1.768599092888401e-05
            }
        }
    },
    "limits": [
        5.0,
        6.0
    ]
}