{
    "Signal": {
        "yield": 25.081898203931896,
        "mass": {
            "Gaussian+CrystalBall": {
                "muCB": 5.279406798468827,
                "alphaCB": 2.0954999923706055,
                "sigmaCB": 0.028000689930110165,
                "nCB": 1.0056999921798706,
                "muGauss": 5.279406798468827,
                "sigmaGauss": 0.0499999988736831,
                "fracCB": 0.7107654056775046
            }
        },
        "angle": {
            "FH": 0.2916425297782075,
            "FH_error": 1.8630775952865708,
            "BernEffyCoefs": [
                0.3938707377139966,
                0.9937062277695352,
                0.3672246286765696,
                0.009903801649662758,
                0.01883905511952111,
                3.3969859147831016e-08
            ]
        }
    },
    "Background": {
        "yield": 32.919348884489885,
        "mass": {
            "Exponential+Gauss": {
                "mu": 5.145927103193059,
                "sigma": 0.09999988100663065,
                "lambda_": -0.00010966619244712206,
                "fraction_exp": 2.254931650513825e-06
            }
        },
        "angle": {
            "2SideBands": {
                "left_sb": [
                    0.1811188542712383,
                    0.01911450274579396,
                    2.1212764045319688e-07
                ],
                "right_sb": [
                    3.9968028886505635e-14,
                    1.736774502383509,
                    4.2743586448068527e-14,
                    5.551115123125783e-15
                ],
                "fraction": 2.254931650513825e-06
            }
        }
    },
    "limits": [
        5.0,
        6.0
    ]
}