{
    "Signal": {
        "yield": 79.23010349768056,
        "mass": {
            "Gaussian+CrystalBall": {
                "muCB": 5.279413612173776,
                "alphaCB":  2.0955,
                "sigmaCB": 0.02799382172580174,
                "nCB": 1.0057,
                "muGauss": 5.279413612173776,
                "sigmaGauss": 0.05771537244498789,
                "fracCB": 0.4224069260942781
            }
        },
        "angle": {
            "FH": 0.3825,
            "BernEffyCoefs": [
                7.58628405261863e-06,
                8.386121789771828e-06,
                1.1543309862971363e-05
            ]
        }
    },

    "Background": {
        "yield": 86.77177895777007,
        "mass": {
            "Exponential+Gauss": {
                "mu": 5.000000008458439,
                "sigma": 0.09787990155995803,
                "lambda_": -0.02581664674416828,
                "fraction_exp": 0.6346521270418675
            }
        },
        "angle": {
            "2SideBands": {
                "left_sb": [
                    4.39e-06,
                    7.11e-06,
                    1.15e-05
                ],
                "right_sb": [
                    1.133e-05,
                    3.959e-06,
                    2.383e-05,
                    1.595e-05,
                    1.049e-13,
                    1.178e-05
                ],
                "fraction": 0.6346521270418675
            }
        }
    },
    "limits": [
        5.0,
        6.0
    ]
}
